I.D. no., First_Name, Last_Name,Date_of_Birth,Gender,Subject,Subject,Required,Remarks
1,Mark,Dela Cruz,11/05/2002,M,Math ,Science,Yes,Enrolled
2,Andrea,Cruz,06/08/2002,F,Math ,Science,Yes,Enrolled
3,Maria,Mendoza,9/25/2002,F,Math ,Science,Yes,Enrolled
4,Charlotte,Delos Reyes,8/30/2002,F,Math ,Science,Yes,Enrolled
5,Mia,Reyes,1/28/2002,F,Math ,Science,Yes,Enrolled
6,Oliver,Delos Santos,2/14/2002,F,Math ,Science,Yes,Enrolled
7,Eva,Santos,05/09/2002,M,Math ,Science,Yes,Enrolled
8,Henry,Sy,12/11/2002,F,Math ,Science,Yes,Enrolled
9,Ella,Tan,4/16/2002,F,Math ,Science,Yes,Enrolled
10,John,Delos Reyes,7/26/2002,M,Math ,Science,Yes,Enrolled
